LAD_CODE,LAD_NAME,Av_08,Comp0812,Con0812,Lei0812,Ser0812
E06000002,Middlesbrough,147.987573094423198,-33.061476782619962,-21.472252871484130,-18.685173091918429,-21.438618820626942
E07000153,Kettering,117.820463808713058,-12.277666593907085,-10.246954956512297,-9.631320203702572,-9.296305137367540
E07000164,Hambleton,136.957406941569445,-21.204713938627762,-20.797546593706386,-21.359794227733317,-19.519838505525641
E06000025,South Gloucestershire,199.378952192430319,-40.977687670847672,-24.713074339504999,-25.908268146705126,-21.645556499259740
E07000148,Norwich,210.781979969010422,-35.481705732474751,-30.119368578145725,-28.237508325405713,-27.830201627079276
E07000223,Adur,126.717478276747840,-17.418482338643230,-17.888877405944768,-18.652230818046988,-17.553191771397081
E09000020,Kensington and Chelsea,537.071068739342650,-51.009156038594824,-35.255723680068854,-41.738822584007551,-35.239612968250015
E07000139,North Kesteven,100.792519177311277,-8.711548445818863,-10.947647305572815,-9.195523345186842,-8.633238356953342
E07000169,Selby,117.961390911452185,-18.514497800016841,-18.023287984282447,-19.122595385561795,-16.470240965433931
E08000017,Doncaster,125.800377859253345,-22.406437886427369,-16.489654184600894,-17.412814229819531,-16.372032273601434
E09000013,Hammersmith and Fulham,322.230279017676708,-33.769868593524507,-20.935465613365523,-22.978553494923460,-20.069279067156089
E07000213,Spelthorne,169.766149025466717,-27.011328517641545,-20.296734785662110,-20.563150386968516,-22.027137050851223
E07000130,Charnwood,124.939649698227910,-11.477670324908232,-12.496167285697197,-10.588830135685342,-10.086994094962293
E07000074,Maldon,118.468374042380702,-16.133624475005035,-13.630600617593970,-26.501801524275294,-18.314744992921462
E07000011,Huntingdonshire,148.214969866992874,-22.790744362424675,-21.062966567719798,-20.055266041959371,-23.474957069146200
E07000050,North Dorset,129.298003292641624,-18.687284219625468,-18.562983672566403,-23.024392087779972,-18.512139691965871
E06000019,"Herefordshire, County of",124.001292065508466,-16.966235635901313,-15.832283128542670,-14.371072592258727,-15.674948579155583
E07000028,Carlisle,151.322730397162161,-33.002562496254768,-25.031955754025631,-26.809056732686855,-18.894252753991680
E08000009,Trafford,328.917383041349638,-84.032423766550380,-45.217216640560878,-48.833820829641013,-35.842711877440763
E08000010,Wigan,121.679219616079195,-22.537859155262780,-21.010392283123664,-19.715831150679890,-18.051164891119640
E07000131,Harborough,116.460838875756409,-10.651425329074584,-12.157105695480524,-10.509226102742915,-9.557618514275902
E07000227,Horsham,180.647719206543485,-27.575566940220341,-26.744355594587148,-22.822180428807940,-24.466188012900034
E08000011,Knowsley,144.083689925457463,-25.210759411490798,-22.384260693952754,-22.411067358445038,-23.616753538763660
E07000101,Stevenage,216.969044406666143,-34.796478043486076,-27.125627784610174,-34.208826757766445,-31.144220473073403
E08000002,Bury,180.525391584936898,-36.718473949450413,-33.809986740269210,-28.129357802971242,-25.942703922828628
E07000141,South Kesteven,127.646615615193880,-12.580731029034382,-11.605753443603476,-10.461386937595847,-10.722693773012907
E06000032,Luton,129.941039319837472,-20.452662940359644,-19.528266408112160,-19.604290818370032,-19.211273301994140
E07000135,Oadby and Wigston,115.408398600273756,-10.082126332034193,-10.856604855053519,-9.825703181473600,-11.108446154231800
E07000200,Babergh,148.096232397029183,-23.682208152474459,-19.897944213479704,-24.004001075605714,-21.242428739280939
E07000105,Ashford,194.284050243746265,-31.566317394573787,-23.422262432057408,-29.411654099809965,-22.889180828466749
E08000001,Bolton,152.843112114633698,-29.066807214002040,-25.132281649900193,-25.690426298005320,-22.258445981338468
E09000005,Brent,186.692736385632145,-15.502847638557284,-14.698709534220711,-14.811238166580125,-15.015983956721385
E07000123,Preston,164.021720307951711,-29.935126394038946,-27.398493843906124,-25.658149163770005,-26.904167189790911
E08000027,Dudley,175.830649773172667,-32.035171273403677,-17.748404225754769,-15.817936578021786,-17.352052541928984
E07000043,North Devon,136.685411132815148,-24.060220739832630,-18.166289588201096,-19.400590594236562,-17.185445971051607
E07000178,Oxford,281.098629292295584,-40.092602144266181,-33.649862024669460,-46.737692775623259,-35.261161452939803
E07000236,Redditch,243.370308505638747,-34.165191451945674,-35.362796259566181,-25.776105340000811,-30.046386613233096
E07000168,Scarborough,138.529932565195281,-21.405954326401513,-23.054189165868905,-22.632623478230272,-17.717258826506750
E08000032,Bradford,128.790401372344604,-21.384427005408355,-21.435440483574425,-17.340250725476352,-17.433555513285299
E07000208,Epsom and Ewell,185.193075171198871,-32.763651553685605,-21.509743457386378,-23.332016779564668,-25.075907538603701
E06000009,Blackpool,262.819690127675926,-24.221431831513996,-18.817736602060137,-69.951440199641354,-15.637598468900578
E09000016,Havering,148.247078173709838,-12.461591450109609,-11.399470303450812,-12.034287767907415,-11.574143864633669
E06000035,Medway,125.554002208626088,-19.734733042097901,-16.615503741546277,-16.568100743208504,-16.550268290755795
E07000165,Harrogate,176.145621672751531,-28.118522130854387,-26.802186419908537,-29.795194818682631,-21.742561804288044
E09000029,Sutton,155.838141443290823,-13.404175764348167,-12.334744735953450,-12.350223601159058,-12.140729566315429
E06000026,Plymouth,173.429407005601604,-28.698861588174253,-22.208983214403304,-27.998899697502338,-22.064787733028666
E06000045,Southampton,166.349786477081523,-29.181740029454687,-21.347739766239442,-20.357856036673823,-21.966923115334197
E07000205,Suffolk Coastal,123.230922716878482,-19.452342491561623,-21.207510956189836,-18.004094620844342,-17.388065243396056
E06000027,Torbay,141.528664491876668,-21.610621870836624,-20.781649492421593,-25.265622107936650,-18.005709622147066
E07000038,North East Derbyshire,87.328209686092691,-7.701981789669887,-8.822051930729572,-7.131420137778804,-8.426318088630296
E06000007,Warrington,171.572151969291667,-35.969010026596436,-26.357079562165183,-26.857457632804085,-24.134178571967112
E07000197,Stafford,148.316286030295970,-22.587962497604707,-18.791876496835542,-16.236980642056039,-16.583882963049746
E07000136,Boston,110.580863504681375,-11.810271836608408,-8.670130179334308,-8.572762615072790,-8.947909721997760
E07000005,Chiltern,170.046085864838375,-23.652632826774919,-25.552873580568189,-23.747121196809474,-23.527266054401110
E07000134,North West Leicestershire,96.990589291026964,-9.299996074239431,-8.404508337139831,-7.624403031218179,-8.387409073470494
E07000140,South Holland,98.444160548595718,-9.694117058371290,-8.425721929186224,-8.892804157064759,-8.544228163510155
E07000026,Allerdale,153.391691509296265,-24.223338954073284,-20.688224319736506,-45.403807157130530,-18.242284305120478
E07000008,Cambridge,317.833532454809131,-51.998230269975295,-37.559168784995109,-59.425891211334601,-33.202715363083627
E07000053,Weymouth and Portland,202.234229907282014,-36.810847878713361,-24.947434600048211,-32.068319608606885,-20.806246144897102
E07000217,Woking,230.991771915652777,-35.932697819563543,-33.038694277334002,-29.951957990540876,-30.822105659573140
E07000214,Surrey Heath,190.375625812989711,-28.013910087359193,-25.327980025130643,-25.247385902239643,-27.488666263039505
E08000024,Sunderland,128.088396820066436,-27.104579390801575,-22.083437299850303,-19.465441414000210,-19.137781252494207
E07000212,Runnymede,147.687901426915857,-20.034162327699605,-19.853472577220060,-19.443546272492370,-21.872947183042498
E07000089,Hart,148.650698653265152,-19.719787338033228,-18.304029627186068,-19.636804219205345,-22.542479201222733
E09000010,Enfield,180.441054456340822,-15.251446055808486,-13.675657974878106,-13.920232639914360,-14.598880816258003
E07000077,Uttlesford,174.231592291634030,-27.503124569886012,-24.488038207023976,-25.923692001197310,-23.341100960462938
E07000220,Rugby,142.007076688589336,-19.653584990010245,-16.063173547318456,-17.631307830677969,-17.582040162922439
E07000116,Tunbridge Wells,221.507623561426016,-34.854969014415616,-27.142798156381645,-25.661599400382443,-27.848682865462166
E07000219,Nuneaton and Bedworth,147.177726489348657,-21.013762061907187,-15.644144068418157,-18.889215394327536,-17.919035051544327
E07000147,North Norfolk,131.125571394779655,-20.984344235958943,-19.386360320519600,-20.084455252399650,-17.669256093692695
E08000030,Walsall,114.186286973387809,-16.705364489414364,-14.046448239913943,-12.918110293489391,-14.326499757296190
E09000008,Croydon,151.810345726104430,-16.114329575988535,-10.549278062199903,-10.737704545319488,-10.655882085290571
E07000029,Copeland,69.824110119136620,-12.453195078333700,-10.780638734301988,-12.309225034187449,-11.094822325174839
E06000037,West Berkshire,202.026086625271432,-30.215259501937510,-28.075912651902229,-26.438344400175453,-28.493440731220318
E06000033,Southend-on-Sea,128.509133541457857,-21.194802067656681,-18.351690026677275,-19.353199642569123,-17.402924771462622
E07000081,Gloucester,127.698896422104269,-24.817775919458711,-17.935336451511290,-14.618707950989659,-17.592429970976738
E07000004,Aylesbury Vale,179.440375302763300,-28.928401268902178,-26.994407269855429,-22.114663306879351,-22.791914823498189
E07000104,Welwyn Hatfield,187.149761047902814,-30.879013380439915,-17.422675077606215,-26.373141759106943,-26.875089206862526
E08000029,Solihull,261.506845001147042,-42.159639969289515,-27.828656503041117,-27.287316064057507,-29.830279652202933
E06000054,Wiltshire,151.248687870475578,-24.533007037355333,-22.785922972467603,-21.069483509629464,-20.728717679207705
E07000235,Malvern Hills,103.967418948201470,-13.125583601075789,-12.970037986284780,-12.974352380176740,-13.856120252395158
E08000003,Manchester,198.481698121852304,-41.518868018354311,-33.221829018959767,-30.958637907077161,-28.272373673531092
E08000012,Liverpool,149.578351727590729,-35.181576461460025,-21.683501025902814,-23.695378219728212,-19.877840071673873
E07000194,Lichfield,203.261332466398471,-28.080647728185141,-26.743144151699028,-24.823456793041487,-24.249318767077540
E07000128,Wyre,125.812630025270138,-23.097004283523290,-22.551504280692640,-20.569454362648841,-20.397863236187206
E09000021,Kingston upon Thames,276.896421515601844,-30.562164146685689,-18.864526386051864,-17.612658000878753,-19.204813653183891
E06000034,Thurrock,520.995922684985430,-104.118089415666077,-53.260617398775935,-46.695999025059791,-42.424856435440034
E07000188,Sedgemoor,106.837660602322288,-16.985274510910656,-19.964324857255988,-15.951457494777955,-14.223600639280264
E09000015,Harrow,185.271495554610453,-15.928047938976817,-14.408111777051488,-13.563113431870704,-15.441940634200762
E06000050,Cheshire West and Chester,215.418625786070010,-45.712179318239833,-30.803671090855090,-33.797473935745614,-27.838007121901512
E07000007,Wycombe,191.868055295546213,-32.790103912226300,-22.133030998756766,-25.805067124644665,-24.312689248880531
E07000218,North Warwickshire,88.575362044025567,-13.070885131716310,-10.326551045987472,-9.700538598351699,-11.051112016155727
E09000032,Wandsworth,224.357922574904279,-20.208070594252405,-16.667192110550388,-17.025998393578391,-17.877373592437408
E07000175,Newark and Sherwood,98.617819825738479,-10.102859978832910,-7.904084496075967,-7.651510965735000,-8.531017923010481
E08000020,Gateshead,269.295373577167652,-69.603232538677730,-34.582505794293013,-31.818798375422432,-28.396168340550361
E07000119,Fylde,113.076283670504182,-18.091531347864532,-19.106012620906753,-21.881921377347922,-19.826226529077601
E08000021,Newcastle upon Tyne,217.450453212326693,-43.044647208404797,-33.489915339393093,-31.788037341268989,-35.582947202549008
E09000018,Hounslow,226.981459311682073,-20.880770105115346,-16.214713421765879,-16.879485884474178,-17.576913795960024
E08000007,Stockport,141.229579954461542,-28.248075162561605,-25.124304787734602,-21.078996631361377,-22.186185488505146
E08000005,Rochdale,130.588814770095638,-22.624533771339827,-30.955908894560537,-19.562307860165689,-19.389436785372638
E07000082,Stroud,86.943706176070492,-13.931694708522215,-13.199702704606551,-11.951761937669630,-12.878369826630887
E07000069,Castle Point,147.792786179647663,-17.166638605039765,-20.077622523027856,-20.152039036485704,-28.348532341595899
E07000034,Chesterfield,127.386303014398123,-11.839450759053676,-13.377538077168026,-10.949189482133292,-10.374697460841759
E07000096,Dacorum,187.692077750697763,-28.800310500476542,-24.762496322100048,-29.675563566175413,-26.990944158592328
E07000222,Warwick,158.392918119556498,-23.167946246136836,-15.998154504711309,-18.570444380675696,-19.607030420136766
E07000167,Ryedale,108.267313889537249,-18.160768570401558,-18.310938950087674,-14.763624112096366,-14.538152677075104
E07000192,Cannock Chase,115.076962652941660,-15.202580831971403,-14.773347650348327,-14.193653961894228,-14.900338362128039
E07000041,Exeter,226.130493467561195,-39.115494738912076,-30.401569934423691,-31.077796448057939,-29.290110892050109
E07000091,New Forest,155.838039565593505,-23.094497394096948,-20.088072727962754,-20.240075015455020,-21.496813343386663
E06000036,Bracknell Forest,167.996410815960616,-22.050550877888526,-22.299058925894599,-29.732552619590336,-23.979793531894558
E07000171,Bassetlaw,97.545214825214458,-9.151465657958880,-9.679720060726410,-8.590074906879963,-8.414330193216060
E06000043,Brighton and Hove,212.757468820827171,-34.586634317539534,-27.211939601066490,-32.045894479537850,-23.321227896758273
E07000113,Swale,103.094784987874704,-13.772282276881100,-14.899700520432575,-14.674018585774277,-14.601679768663786
E07000107,Dartford,649.362851564122479,-148.800739568692052,-57.032062484510789,-62.631146891733238,-37.777933300456652
E09000014,Haringey,216.480843209588954,-20.823967964901954,-15.333239109042125,-16.134132114767453,-17.265000140778170
E07000098,Hertsmere,183.385815946690713,-27.083913079486109,-25.371161162172342,-26.712927744466384,-29.125681402251985
E07000040,East Devon,135.124369248704227,-21.376745468986513,-19.993677889580340,-18.989274134613623,-19.369424677080573
E06000005,Darlington,135.047072019644418,-28.851724001777683,-21.416103374852725,-17.560977590482480,-20.215571581814899
E07000201,Forest Heath,143.936509428856255,-20.461123161384080,-22.718021070702235,-23.458087834916427,-21.244483498131260
E07000066,Basildon,204.747245102788241,-31.552640244311590,-27.025968613435111,-28.234418239433836,-31.637303111621691
E07000067,Braintree,134.400238704574122,-20.720469555796640,-20.601384372505777,-21.934925015416368,-17.714862625326134
E07000121,Lancaster,107.282904024381082,-19.539007707570974,-18.942950887338753,-20.131818832468241,-17.418474658607536
E07000036,Erewash,86.487460140234134,-7.997795762172956,-8.212351033686005,-7.300686277400260,-7.635739439059691
E06000001,Hartlepool,87.649756884390342,-14.892483641941070,-14.102723714267682,-12.947455983231428,-14.539690281889293
E08000014,Sefton,134.205739132403352,-24.385917993593139,-19.632056676672718,-24.827194392809346,-19.038031225420184
E07000166,Richmondshire,102.979249661014407,-15.454477582342705,-16.917795139015524,-17.910889494735912,-13.702599374914186
E07000189,South Somerset,124.301962979614501,-19.074813432973869,-18.294538334183898,-18.647893809748325,-17.259372473418978
E09000025,Newham,222.188273396760280,-27.027923053508232,-11.748793330255609,-17.376036689534459,-13.664289738511968
E07000206,Waveney,99.627852337139245,-15.537053949197400,-14.086819709029015,-14.309811455276019,-15.204543100722276
E06000022,Bath and North East Somerset,258.700101796730962,-42.810957926744550,-32.900786159713135,-43.744972775441170,-29.759870833791950
E07000142,West Lindsey,83.429319790186142,-8.098755212731604,-9.041420495961319,-7.349199477836223,-6.991911841161354
E07000100,St Albans,257.524552450955468,-42.677692917910349,-35.523564417573880,-36.402073006512978,-36.948105218053058
E07000145,Great Yarmouth,97.794412593781530,-15.250135546632961,-12.210679784927123,-14.392864175840415,-13.201934559261915
E07000199,Tamworth,152.009529275534874,-23.900825082537949,-19.522910821697621,-17.247712983039776,-16.328188405704410
E07000120,Hyndburn,81.859078985971792,-13.921567046024947,-15.662648769577103,-15.666672108530420,-11.859276455868645
E06000040,Windsor and Maidenhead,282.085350868848764,-46.496665295890978,-34.158205918859608,-38.810022591281410,-33.078990610261826
E09000031,Waltham Forest,153.157969549937974,-13.068743161214996,-12.175685078201838,-11.795813037714453,-12.250091799828596
E07000118,Chorley,119.971702475560065,-22.477653797177254,-16.822769505203766,-20.910932309833839,-19.890748475751039
E09000007,Camden,340.124266872611315,-31.107938726208204,-23.791690448123916,-27.357455615255390,-24.501496824288324
E07000012,South Cambridgeshire,144.126208101172381,-21.691326176646172,-17.148134514630314,-26.112581305945611,-23.052052886937219
E07000049,East Dorset,135.195449655137566,-19.788404681348041,-22.613044999734029,-22.399052225392722,-19.677287283469227
E07000033,Bolsover,133.305920098711027,-19.185362311987262,-7.266780808201503,-8.862297701500822,-5.750410593008453
E06000053,Isles of Scilly,700.000000000000000,,-105.000000000000000,,
E07000133,Melton,106.223842842078355,-8.967999575025303,-11.053914243970340,-9.681997576735142,-10.267406451450512
E06000039,Slough,190.293754634199473,-30.871479354565679,-22.443020369427984,-28.185820387179007,-22.780267727582071
E06000031,Peterborough,217.202229137679922,-41.731482238484091,-26.804816895235348,-29.294670174723080,-27.149736303823630
E07000112,Shepway,101.861989702323172,-14.519484539228671,-14.684147850452575,-14.759725083821351,-14.580262376684445
E07000180,Vale of White Horse,124.137743216098031,-17.962453960049586,-17.045054379435257,-16.065381559774167,-17.588259600416535
E07000137,East Lindsey,105.267030310367403,-9.784215468760820,-10.074079256708970,-9.862784284443123,-8.593299301996041
E07000209,Guildford,382.502980479155497,-59.487924909765582,-42.225891359564287,-43.689182057987693,-45.918184127762288
E07000204,St Edmundsbury,161.939667038585213,-26.899800493592011,-24.520318668501091,-23.503141347449827,-20.767309219604357
E07000048,Christchurch,156.499333326024299,-24.040387106380393,-27.470789142441504,-23.342487657934839,-22.460723054711181
E06000012,North East Lincolnshire,111.465596939078580,-20.945732118083882,-15.492502453794444,-13.164883402610769,-14.676255143822303
E07000156,Wellingborough,113.907978355885021,-10.682640898718503,-10.786359472403291,-9.203780476226413,-9.079420334332298
E09000012,Hackney,180.434513119045505,-14.903101029644944,-13.879304945685760,-14.650649217240215,-14.252761376798276
E07000037,High Peak,99.549693508010705,-9.714608639862291,-9.336208724809609,-7.966316904202813,-8.364011408050487
E07000170,Ashfield,85.020950980914222,-8.435318767385709,-8.458133594711953,-6.453088206780379,-7.582688470405955
E07000106,Canterbury,196.040123477670960,-30.905346445665685,-24.140866580097651,-26.204906498397008,-23.423444279878424
E06000056,Central Bedfordshire,123.612731754598542,-19.546934025104761,-17.071263040547407,-18.777193542005762,-17.687716002939410
E06000015,Derby,135.709095315415340,-14.741471997647835,-9.498055803407993,-13.551679396219498,-9.941527470928875
E07000079,Cotswold,180.699221896948785,-27.855153263581172,-28.972905825846254,-26.092780724917731,-26.974184800095827
E07000076,Tendring,111.643632602050701,-17.177018934944144,-16.352849935376426,-19.559067744598778,-15.487330881122674
E07000196,South Staffordshire,107.411548389319492,-15.717462715578961,-13.115662140446574,-11.314927060653417,-13.692440455105725
E07000045,Teignbridge,134.216063441564216,-20.675150836003255,-21.565264824825860,-20.586070295269280,-18.344673538666456
E07000172,Broxtowe,88.082138953844421,-8.503637655920087,-8.212868225341637,-7.339303302508384,-7.854427089185080
E08000035,Leeds,190.147362495817390,-33.826151325617133,-25.718892400507940,-27.700905922734421,-24.019389161231544
E07000092,Rushmoor,122.229603825370333,-18.867862152058962,-15.685578986375731,-14.604156543996638,-18.295902738770948
E09000026,Redbridge,157.859779511412825,-13.211403167867758,-12.455347046302336,-12.075161732676264,-12.732487872780013
E07000125,Rossendale,69.924015732787325,-11.206991959878231,-12.498891030706837,-11.961741318184913,-12.250543443391599
E09000017,Hillingdon,190.914925133229019,-16.756194031032720,-13.453961093070035,-13.562070406774893,-15.004348793948196
E07000063,Lewes,156.459687207136227,-23.311517627394977,-20.189668574339180,-21.274007279460051,-21.128840075388609
E09000030,Tower Hamlets,205.409640999163571,-16.846597353507065,-15.232185683578336,-16.779974456393262,-17.562766025977083
E07000237,Worcester,165.828571907664696,-24.222021964819305,-18.047954298309989,-21.629532892422020,-18.199950004912523
E07000072,Epping Forest,212.326066433184252,-33.713579735030265,-27.209820524683039,-30.955090932361998,-32.062328429556857
E07000124,Ribble Valley,105.832172141035983,-17.755430580897198,-18.276872433120758,-17.549603675471730,-17.816485803037992
E07000163,Craven,167.068411388811541,-25.651703731194601,-24.650236860485876,-23.903600467481056,-22.613001300395524
E07000032,Amber Valley,91.541474990458468,-8.252933316734982,-10.212518907904851,-8.091305326336794,-7.830953955777218
E07000207,Elmbridge,184.025617836820004,-26.634028356672985,-22.909467765468946,-23.334962601134947,-26.485002124110480
E09000001,City of London,586.199182043215615,-57.770933807605957,-66.327653633767454,-41.031698253766251,-41.150793581892117
E08000031,Wolverhampton,114.666462770057848,-14.927901742420204,-16.207310169750457,-12.612939669604998,-14.053342022899486
E07000083,Tewkesbury,128.758949613242322,-19.077091480610505,-18.203086337968585,-20.028164383686061,-20.284019501698197
E07000202,Ipswich,144.939838970950206,-21.665483983667301,-20.834548213213168,-22.628075351816221,-20.911128624506716
E07000093,Test Valley,163.459212840164582,-24.457241380052523,-21.723575521234835,-23.158060578285045,-21.816277138527141
E06000028,Bournemouth,166.357128303178428,-27.589400428252247,-22.253018089795802,-26.132229756369469,-23.046679910365981
E06000004,Stockton-on-Tees,122.159692138623456,-24.749653166365363,-22.318815927026691,-17.530316089425739,-21.014235526559531
E09000019,Islington,242.113447372061671,-21.251105083152595,-17.325658975091699,-19.613638827037960,-18.839994551122487
E08000026,Coventry,132.660033778970273,-20.152799840538961,-16.233087610814366,-15.201542918550416,-15.537787615057098
E07000150,Corby,136.355732459947916,-13.244043905615115,-10.834137648081096,-10.709058079629386,-12.411720187767656
E07000177,Cherwell,201.646451942978899,-39.886723755908804,-18.981285498832051,-22.346920687129312,-20.255502018517973
E09000002,Barking and Dagenham,130.110476776869945,-9.965684604946418,-10.069942541606082,-10.774400591232862,-10.908142134333090
E07000117,Burnley,105.655298786372867,-20.621296120600178,-17.013932952197166,-14.877568057060287,-17.021430401374374
E07000108,Dover,108.863482183332778,-15.482201993487635,-14.631166956677276,-15.562859349701441,-14.654413703092814
E07000215,Tandridge,140.069729403547996,-18.654708981034517,-16.827106437592363,-23.679837655455401,-19.632892214526521
E06000018,Nottingham,145.506795289606345,-18.241739259281303,-12.621038323298222,-10.940225226273000,-10.524529985099093
E09000006,Bromley,182.831641017579472,-17.902928880955272,-12.403255608986854,-12.696786408199017,-13.131588836599605
E07000152,East Northamptonshire,85.435661064843515,-7.520760372242862,-7.845550222038497,-7.414572011150540,-7.596806091716672
E07000039,South Derbyshire,79.009379146641180,-6.951885830850316,-8.119279440130285,-6.889731447334626,-7.136533920379108
E07000146,King's Lynn and West Norfolk,127.373751508764599,-21.055992680362905,-20.790986651515610,-20.377788286735012,-15.468193647507761
E06000052,Cornwall,160.698318196119089,-25.831363995904070,-24.091924767942800,-27.080769446171729,-19.956443631481676
E07000078,Cheltenham,196.631524332025236,-37.054665532909326,-31.310418854677863,-22.188972483853348,-23.551848132849642
E07000239,Wyre Forest,125.009321927225059,-16.812638609717951,-17.744198353899023,-13.643191592412890,-16.031460522944144
E06000051,Shropshire,113.543616409385521,-15.498302756148675,-15.233817558157028,-15.334365642182362,-14.030246940676420
E09000027,Richmond upon Thames,261.795947985486180,-22.767302001354949,-20.449021138410558,-18.740136518554237,-20.704999325557736
E09000004,Bexley,129.740191675186622,-10.722430441425217,-9.412853243347996,-10.093238583992672,-10.603531664573424
E08000033,Calderdale,116.446813711788337,-18.539068104428466,-21.150050656041643,-16.594406490994771,-15.713929054598765
E07000126,South Ribble,130.505998397112734,-23.150269287012691,-19.515859260374967,-24.346924054840571,-21.895565417396156
E06000013,North Lincolnshire,94.579628165735855,-15.155312109733870,-15.582487298373294,-13.539359423813110,-12.025577297477767
E07000097,East Hertfordshire,184.841251151737623,-29.541525633191924,-28.996322060694837,-25.042568181991555,-26.978379085453042
E06000017,Rutland,99.857150590200447,-8.802258448291695,-10.562864438090017,-8.095813597198315,-8.256521687246334
E07000138,Lincoln,156.314231919914846,-14.916704862941913,-12.828347619082336,-15.467713978982005,-12.408010632624453
E09000003,Barnet,214.831411435772509,-19.958770354181127,-15.910188704765545,-16.340681122469363,-16.496434742702860
E08000015,Wirral,105.310140463306936,-19.830012625746491,-17.739996416482612,-15.786563312085221,-17.885562806166106
E07000154,Northampton,131.655537920168342,-12.850644321486413,-11.355616707406853,-10.705322914144119,-11.643102093730889
E07000143,Breckland,114.757920882330652,-16.760954996974718,-16.700847202575105,-16.350345194910432,-17.504335304273454
E08000019,Sheffield,222.951633932410004,-47.018193013846542,-28.696137746944146,-28.784854038640162,-24.608852996510450
E07000226,Crawley,249.296390438027316,-44.208316790472509,-33.174625035399544,-30.041731076083863,-30.962990280604970
E06000020,Telford and Wrekin,211.175374774035191,-33.386269461211896,-21.319075049776160,-17.997618642856992,-21.598404532686800
E07000224,Arun,139.075656528410661,-19.595937663110988,-18.396677012656895,-20.710470251602615,-19.159475095398918
E07000047,West Devon,140.919374100152226,-23.267797278556088,-23.407529064799348,-15.984479652751119,-19.719590101883711
E07000044,South Hams,176.165969707409488,-28.413904566885662,-27.073483277161841,-25.447375379350689,-22.010214917011382
E07000061,Eastbourne,137.276612299892236,-21.360354118792117,-17.197411615836089,-18.084589086014560,-18.244912881550960
E07000221,Stratford-on-Avon,246.392989017395877,-30.662298455431340,-31.331362939491015,-44.225796550177449,-24.676073320167234
E08000004,Oldham,110.287362667100382,-21.968297882183478,-17.726495140040129,-17.529507370648261,-17.463580796048490
E07000174,Mansfield,102.593714902952811,-10.698847664141411,-10.445081037244208,-7.634197211660549,-7.720171979269637
E07000071,Colchester,183.112090870875591,-32.313973346469368,-21.223082288118349,-25.419432732254847,-25.679999163027247
E06000010,"Kingston upon Hull, City of",131.483657199102879,-21.310831379139927,-18.718418826083081,-20.876517451312878,-16.481799631759046
E07000216,Waverley,208.869326002131857,-30.451264520158389,-24.517411612026478,-26.143153216899776,-31.185680213799344
E06000003,Redcar and Cleveland,105.737871191668134,-17.936126837467242,-18.995000312684496,-19.841665415866970,-15.778580710767429
E07000099,North Hertfordshire,167.242647241263739,-24.946578600859965,-27.425512123088879,-22.183857163491652,-25.991566025498287
E07000132,Hinckley and Bosworth,104.191174839592108,-10.020834024225437,-9.229642808705378,-9.144963658017588,-9.225503790680634
E07000111,Sevenoaks,175.754606556145660,-26.106038672456805,-21.508200580140283,-21.370266578037047,-25.542491764318015
E07000109,Gravesham,113.099328015350522,-16.929538115116571,-16.097655602599389,-15.810537671202354,-15.181945963873261
E07000094,Winchester,198.012305342563593,-30.318956094551538,-27.000383249075014,-23.730975797985167,-26.745752936719555
E08000025,Birmingham,144.920733621894442,-20.954829319209722,-17.679230078223327,-18.162255297889857,-17.814342748056944
E07000210,Mole Valley,171.990820753617413,-24.823589542152888,-20.927116203691014,-21.368595016770627,-24.651165319757467
E07000035,Derbyshire Dales,123.559381445402948,-11.211670984621264,-10.708218558809847,-12.610298735859828,-9.874059549756069
E07000122,Pendle,65.159381318676594,-11.030729873684862,-12.222549912985357,-10.418041133449371,-10.808653440220631
E06000016,Leicester,138.921253273871798,-16.309020221821925,-13.933322182338770,-10.718438527616087,-9.423004881928733
E07000068,Brentwood,228.431642149183745,-34.624955595285115,-30.736346428360349,-34.320775229663582,-35.064346179505065
E07000193,East Staffordshire,121.307129394241855,-20.284130099257396,-15.475928213406533,-12.891144633217209,-13.149075407502849
E06000048,Northumberland,115.878932495512316,-20.372415801825625,-18.994387887675501,-21.205562114617038,-18.088970974378526
E07000155,South Northamptonshire,89.870498516085135,-8.146119886323845,-5.531703401726396,-8.290255370738123,-8.134714571139710
E06000049,Cheshire East,141.486458445119155,-26.274686750787453,-22.079098850130677,-21.847635643848861,-24.071841391584584
E07000095,Broxbourne,159.520051158925241,-27.197468153083690,-24.553698742560186,-22.282920439906249,-20.993200396302669
E07000046,Torridge,108.805767296551025,-17.093991145560238,-20.154708742420937,-14.755916655633058,-14.415451616392474
E06000011,East Riding of Yorkshire,122.739210557066500,-18.888273351101290,-17.795947293439028,-20.927276510902715,-17.458222184911776
E07000151,Daventry,123.260823256061158,-11.984406686405109,-9.488686740354851,-10.954180277859891,-10.189985769234355
E07000027,Barrow-in-Furness,83.805651320432077,-15.755000522540357,-13.857523370489005,-15.458812932824188,-11.959066042264396
E06000014,York,252.298541011171380,-41.134069304903733,-34.340400420280361,-46.668723009859775,-26.463256545881279
E07000075,Rochford,139.923695326928282,-23.010105466050277,-16.861002242051725,-23.002005771110532,-20.516387781733314
E07000051,Purbeck,103.962141634426189,-15.378996359435618,-13.167025525445908,-19.829873246020199,-13.757182329667330
E08000036,Wakefield,119.746074969973051,-20.069731734019143,-18.147227412802238,-15.113456365498124,-16.622732081863688
E07000144,Broadland,104.601736902558557,-17.513403215385196,-15.412412581022764,-15.510298832291596,-13.999294938303720
E06000044,Portsmouth,147.807284031873053,-24.618412779013255,-17.969830711046015,-20.688956462109402,-18.702256720264586
E08000034,Kirklees,143.479361188013627,-25.465542989369368,-21.528708455857213,-19.724439221471229,-17.261603362962930
E07000195,Newcastle-under-Lyme,119.209797762375317,-17.659065484474269,-14.875718170930952,-14.657140181553231,-13.630223142872921
E07000064,Rother,108.613541451715093,-16.556350017721954,-14.855687310683109,-15.026482307234673,-14.310069472339919
E06000041,Wokingham,189.602767450386295,-26.644230849443829,-25.067268724704007,-28.662651889375780,-25.716380252448772
E06000046,Isle of Wight,116.271591894013412,-16.236847001042335,-16.096127208787337,-16.609461471253496,-16.089005573267642
E06000021,Stoke-on-Trent,107.412325669222909,-18.149285171648259,-14.173418257659222,-10.849069106933442,-11.488057650762897
E07000102,Three Rivers,194.936725996167070,-28.727795754393838,-27.835520456810741,-32.026707433570010,-30.163428453290891
E07000030,Eden,128.250432710432847,-15.962983740293652,-23.961547939546591,-39.074735800878756,-17.135838062415459
E07000062,Hastings,107.968300869238917,-16.086665688677456,-13.475254215942840,-16.034349024132126,-13.716308296967739
E07000238,Wychavon,118.169640564240837,-15.011634154149178,-13.865236387201563,-15.308440669923883,-15.400827039297212
E07000084,Basingstoke and Deane,240.713304010633777,-40.216590842821574,-28.602067502487984,-32.124272763545463,-26.611347570593921
E07000031,South Lakeland,153.939368822233774,-23.501422883860201,-25.174182329253625,-43.966177221045740,-19.111220764974831
E07000225,Chichester,225.920848087426606,-36.772770583696285,-31.236060697325200,-25.579590970089811,-27.053567284985490
E09000024,Merton,227.912054495963815,-22.949488132810643,-17.460680536036705,-16.456092720054016,-16.795826985185272
E06000038,Reading,188.731551292705973,-30.595126627155793,-21.276745985067578,-30.092301032124880,-23.317436709175922
E07000187,Mendip,155.658294959429696,-27.227386671041302,-25.996784394993739,-20.439797133917580,-18.922301527417218
E09000023,Lewisham,132.391093436699236,-11.541589582246985,-10.401909345376438,-9.764965345124040,-10.954468678692933
E07000103,Watford,325.298438842248174,-69.683911040309511,-46.143290666873725,-33.026341351716752,-32.067026302583258
E07000088,Gosport,125.519154495922564,-17.543642259104146,-18.236935798965789,-17.795006669390276,-17.259203886567263
E07000234,Bromsgrove,143.005315530459484,-20.191484770221933,-17.993996641177986,-15.138693177322736,-18.909637995727678
E08000023,South Tyneside,122.593748513344281,-22.095962170153285,-20.110478053927153,-28.202985029128826,-16.546477871344294
E07000149,South Norfolk,131.428990434760777,-17.964081574123625,-16.061337056217454,-25.230108771503950,-20.469617376864662
E07000190,Taunton Deane,162.028508474008220,-26.358443107681126,-21.093977826909864,-22.366226485419233,-21.865989102019896
E07000070,Chelmsford,233.345850597197682,-39.116702671399025,-30.184892304920112,-29.982414455539754,-35.130199496622652
E07000229,Worthing,144.961477808886656,-22.563366507057026,-18.343544519401291,-19.006726976566299,-20.439548285083035
E07000052,West Dorset,153.707354261672293,-24.139848314678204,-21.863048166123122,-21.660436322363083,-20.294022964107498
E06000042,Milton Keynes,226.518779874901838,-40.505562075278561,-23.145632784287301,-27.193083811486076,-26.036172019461219
E09000009,Ealing,195.203631492834518,-16.982508271477599,-14.696844657762369,-15.906165463803973,-15.527039629344102
E08000028,Sandwell,92.774921936278034,-12.957498786981930,-12.182980878162155,-12.232517572993885,-10.885967349642414
E07000203,Mid Suffolk,100.087295205320501,-17.204500931294518,-13.075749621016001,-16.153756611014671,-13.192891382502864
E06000029,Poole,176.197164450126564,-26.859097935401678,-27.507203531167107,-32.112273536782311,-21.658623130762152
E07000127,West Lancashire,156.790547150243896,-28.222752777004700,-24.264899458206671,-24.486631640346815,-25.284539708901107
E07000042,Mid Devon,113.980257714168843,-17.197751374253841,-15.674087599755623,-18.759021955500543,-17.341467761141132
E07000198,Staffordshire Moorlands,85.476269025339832,-11.840993618977521,-11.744043646636840,-10.098648314966468,-11.071211883052001
E07000110,Maidstone,184.875829912360643,-31.457914649674819,-24.404796279373073,-24.132396716440127,-21.340951350533828
E07000211,Reigate and Banstead,182.984896663856915,-26.294585258516349,-24.483029644373005,-24.988249340735592,-25.793750078503336
E08000006,Salford,121.920023057557614,-21.414400371777873,-20.816550881030139,-21.377137449623334,-19.351291812935614
E08000008,Tameside,125.122805989157669,-23.943861078478164,-25.592039425561822,-19.540288838126529,-18.110721317299308
E07000090,Havant,125.652785643784469,-17.753363697925067,-17.718992240716659,-17.892491540028445,-17.169165483015362
E07000228,Mid Sussex,154.813600281365865,-22.001739389513148,-19.766603061658614,-20.317962300193628,-22.622548188024183
E07000115,Tonbridge and Malling,148.011439933097137,-21.957707917223530,-19.673355477285597,-19.774199593555366,-20.084674306158945
E06000030,Swindon,193.910307512159932,-37.871963888424801,-24.482640388894026,-26.295633832586844,-22.324883224251010
E09000033,Westminster,514.827990751717039,-48.304761431327506,-36.330529786751981,-41.035461266466200,-32.819441853447813
E08000016,Barnsley,123.972449071997389,-21.739018541488264,-16.278445843846981,-16.951277768305204,-17.357523439375314
E07000087,Fareham,158.441138161580653,-23.553381273203854,-17.281412279328393,-25.732158540293455,-21.232926659738240
E06000006,Halton,111.855773705630739,-20.447707014891336,-17.742980325662941,-15.988155438324654,-19.949382178289852
E07000010,Fenland,102.932253522656097,-16.714413705727864,-16.416809855994160,-15.900388810647954,-14.491834725012822
E06000024,North Somerset,145.351157849671011,-22.532520722473691,-21.996518100934466,-22.571779546131566,-20.976989068015072
E08000013,St. Helens,127.696530097782045,-24.469287045862572,-21.156891669410498,-16.254834738653742,-19.840834488177876
E09000011,Greenwich,135.314878247254427,-12.711708366004387,-9.693611964077618,-10.682458549356582,-10.012890459367995
E09000028,Southwark,147.774297595597602,-13.600545524400161,-11.635789204588690,-11.241964194318740,-11.520992823872945
E09000022,Lambeth,171.311344540774400,-17.488841084275521,-12.584966737439998,-14.507300178402801,-12.434802785217670
E07000073,Harlow,183.357251463410790,-30.534614697258178,-22.169460365248355,-23.306712232218672,-27.813612631949070
E06000008,Blackburn with Darwen,142.957393256290629,-32.264441733673891,-27.646892835615233,-16.602194216041980,-21.269523519025213
E07000114,Thanet,89.790748337470831,-14.369891177485741,-13.232447357339069,-11.811295128544714,-11.264928993933623
E07000009,East Cambridgeshire,157.027138523281110,-22.831889173915073,-23.511830180570087,-21.718544385676367,-24.549860904013173
E07000191,West Somerset,114.213802616283758,-17.763148689092858,-21.744584991090562,-16.812077736484028,-15.140777386942929
E06000047,County Durham,123.330803334182150,-22.715189293754534,-19.870390699578721,-18.773198408038141,-20.949380913308048
E07000080,Forest of Dean,61.682602698583565,-9.565810948815660,-9.090470428138758,-11.158342189160464,-8.296123992236446
E08000022,North Tyneside,108.352478488453386,-17.642967822567741,-19.219776426566227,-21.922341282994424,-17.297474034249575
E07000085,East Hampshire,134.264647526556558,-19.105507304136552,-20.173547566050317,-17.822763561892387,-18.855811327434282
E07000179,South Oxfordshire,183.647461797051847,-28.664056999599296,-20.977894598879743,-24.286979581462901,-25.349778671141962
E07000129,Blaby,173.505886457965005,-13.622678317916296,-16.203614037011363,-45.306649894811926,-9.154853644845304
E07000181,West Oxfordshire,149.093973632338589,-22.778438962663870,-19.521345955047735,-18.539429760815665,-20.906806370567637
E07000173,Gedling,115.543112246036429,-10.662234276861000,-10.188646599569125,-9.791074695002180,-10.393039123881735
E07000086,Eastleigh,156.468359676655979,-23.507350545885515,-19.338919242275452,-21.958541590470361,-21.722315789829565
E08000018,Rotherham,120.062856760463546,-20.901417824204046,-17.302310396313331,-16.674760640278592,-16.732429437506141
E06000055,Bedford,135.848117461707147,-23.141822393824128,-20.239923018662466,-20.138661466617876,-18.769291350278593
E07000006,South Bucks,218.110374589164223,-32.891643110142553,-25.486489358172463,-29.681378084007378,-30.213346677736325
E07000176,Rushcliffe,110.083798353162649,-10.309540723484275,-11.204623960832109,-9.065934135065007,-9.745007730045486
E07000065,Wealden,129.513758830369625,-18.103974538280227,-17.256489413304962,-16.982687632829766,-18.317122844490555
E06000023,"Bristol, City of",157.075460193255452,-27.015846347613831,-21.842442583325905,-22.187849548246589,-21.270075741521836
